customer_id,first_name,last_name,email,country,birth_date,gender,loyalty_points
1,Jeffery,Grant,twalker@flores.com,Faroe Islands,05-05-1980,Male,166
2,Anthony,Phillips,christopher26@hotmail.com,Suriname,06-09-1982,Other,854
3,Bryan,Sosa,calvinlozano@floyd.biz,Indonesia,01-10-1987,Female,1912
4,Alexandra,Stanley,andrewjohnson@porter-bell.com,France,01-10-1988,Female,59
5,Linda,Cardenas,justin97@flowers-hayes.com,Iceland,01-05-1972,,1405
6,Melanie,Mann,,Saint Lucia,1985-09-04,Female,1446
7,Angelica,Harrington,favila@rangel-phillips.com,Saint Helena,1996-04-06,Male,559
8,Robert,Collins,melissabrady@hotmail.com,Belize,,Male,1325
9,Brianna,Brown,qmoore@gmail.com,Paraguay,1985-02-15,Female,239
10,Erica,Snyder,margaretsoto@graves.com,Congo,1982-06-25,Male,101-10-1987
11,Jason,Rodriguez,kelsey75@garrett.com,Malawi,2003-09-04,Female,1213
12,Keith,Campbell,,Wallis and Futuna,1973-12-17,Male,504
13,Andrea,Sanchez,mcgeejustin@gmail.com,Ireland,1985-05-31,,139
14,Destiny,Clark,gregory52@hotmail.com,Micronesia,1972-05-01,Male,1952
15,William,Trujillo,pdavis@young.net,Namibia,1999-09-09,Male,878
16,Steven,Walker,brian42@smith-small.com,Tanzania,1971-02-23,Male,1395
17,Robin,Cortez,opeterson@yahoo.com,Mali,,Male,1028
18,Shelley,Johnson,cheryl93@reed.com,Tokelau,2001-01-27,,108
19,Debra,Wilson,alyssaclark@yahoo.com,Poland,1999-09-24,Female,96
20,Tom,Taylor,melissalee@yahoo.com,Saint Kitts and Nevis,1971-06-24,Other,1370
21,Benjamin,Carter,amandaschmidt@gmail.com,Niue,2002-09-09,Female,978
22,Tina,Cross,franciscomoore@leblanc.com,Algeria,1993-03-05,Female,1806
23,Tina,Kelly,richkevin@hotmail.com,Papua New Guinea,1979-09-11,,1619
24,Michael,George,jasongrant@contreras.org,Uzbekistan,1995-06-15,Male,317
25,Alan,Hoffman,candace10@butler.org,Guadeloupe,01-10-1987,Male,649
26,Denise,Lyons,danielhardin@gmail.com,Iran,1977-01-14,,626
27,Robert,Murray,williamsjames@moore.com,Iceland,1977-07-13,Male,851
28,Lauren,Rivas,piercesteven@yahoo.com,Syrian Arab Republic,1970-09-04,Male,382
29,Mark,Cannon,jeffrey28@yahoo.com,Bosnia and Herzegovina,2000-09-18,Male,1057
30,Shawn,,hhale@butler.org,Russian Federation,,Other,1489
31,Danielle,Jones,floresryan@johnson.com,Korea,2004-12-06,Male,444
32,Jennifer,Haley,shahbrian@gmail.com,Norfolk Island,2003-10-23,Female,520
33,Brittany,Murphy,rebecca95@leonard.com,Greece,1983-01-05,,1210
34,Christopher,Osborne,nperez@hotmail.com,Montenegro,2002-08-13,Male,1534
35,Andrew,Sellers,johnsonjonathan@hotmail.com,Netherlands Antilles,1991-09-15,Female,1062
36,Melissa,Nelson,jamesburns@lopez.com,French Southern Territories,1987-02-28,Male,1628
37,Ross,Clark,egreene@sandoval.org,Iraq,1989-07-30,Male,536
38,Kristy,,louishayes@alvarez.com,Gabon,01-10-1988,Male,594
39,Amy,Hernandez,xho@cochran-armstrong.com,Macedonia,06-09-1982,Female,117
40,Johnny,Green,,Madagascar,1991-10-06,Female,810
41,Elizabeth,Wright,stephanie80@hotmail.com,Mali,1990-02-03,,763
42,Terri,Gonzalez,allenchristina@gmail.com,Somalia,1975-11-20,Female,239
43,Corey,Carroll,uramirez@gilbert-burch.com,South Georgia and the South Sandwich Islands,1973-12-06,Other,1479
44,Patrick,Lucas,kennethpaul@butler.com,Libyan Arab Jamahiriya,,Male,750
45,Thomas,Oneal,christopher39@ford.com,Bouvet Island (Bouvetoya),1979-08-15,Other,264
46,Alec,Miller,vkennedy@yahoo.com,Syrian Arab Republic,1999-04-19,Male,1079
47,Robert,Sullivan,michealgonzalez@myers-davenport.info,Israel,01-10-1987,Other,709
48,Yvonne,Young,katiewashington@gmail.com,Grenada,01-10-1987,Female,1752
49,Kimberly,Allen,martinmelissa@alexander-johnson.biz,Burkina Faso,1976-01-18,Female,1738
50,Kevin,Rivera,perezdavid@yahoo.com,Saint Martin,1977-03-16,Female,1466
51,Andrew,Anderson,ihernandez@yahoo.com,Sudan,1999-09-21,Female,1012
52,Robert,Barber,edwardtyler@yahoo.com,French Guiana,1983-09-14,Female,542
53,Eric,Peterson,luiscook@hotmail.com,Mongolia,2004-06-30,,475
54,Ryan,Randall,blakekaufman@boone.net,Guatemala,01-10-1987,Female,1120
55,Todd,Meyers,fwhite@ford-morris.com,Guyana,1988-12-30,Female,1012
56,Julian,Mitchell,lauren79@williams.com,Sierra Leone,1997-05-20,Male,1361
57,Brittany,,youngjennifer@gmail.com,Pitcairn Islands,1986-06-05,Female,1841
58,Kimberly,Hunter,hwilliams@gmail.com,Tajikistan,1986-04-21,Male,1295
59,Glenn,Vasquez,moralesshannon@greer.net,Taiwan,1987-01-08,Male,1071
60,Darius,Hopkins,jocelyn14@mitchell-young.info,Liechtenstein,1977-04-17,Female,1692
61,Jennifer,Ferrell,youngchristopher@hotmail.com,Switzerland,2005-11-12,Male,1703
62,Richard,Stokes,vaughndiana@hotmail.com,Papua New Guinea,2000-09-01,Male,981
63,Dennis,Navarro,mjohns@gmail.com,Lebanon,2001-07-15,Male,202
64,Anthony,Clark,xkane@yahoo.com,Mauritius,1984-02-21,Male,1917
65,Jenna,Jones,alexandriaschneider@gmail.com,Mali,1982-10-04,Male,1294
66,Sandra,Frank,ewingwendy@chapman-rodriguez.com,Maldives,1987-06-27,Female,362
67,Carl,Harris,,Greece,01-10-1987,Female,1183
68,Adam,Hess,davenportzachary@hotmail.com,Tanzania,2005-08-24,Female,702
69,Charles,Hernandez,lewisblake@yahoo.com,Serbia,1992-08-04,,1586
70,Brandon,Mullins,jeremy42@gmail.com,Palau,2003-10-12,Male,782
71,Brenda,Castro,jaclyndavis@smith.info,British Virgin Islands,1990-04-10,Female,1269
72,Shannon,Robinson,qnorton@molina-carroll.com,Argentina,01-10-1988,Male,1047
73,Jason,Palmer,xramos@mcdonald.com,Slovakia (Slovak Republic),1980-01-09,Male,1207
74,Catherine,Zuniga,beth34@morris-lang.info,Palestinian Territory,05-05-1980,Other,665
75,Rachel,Gutierrez,valeriebanks@kelley-ballard.com,Iran,1999-05-20,Female,
76,Tracy,Rasmussen,tdrake@yahoo.com,Trinidad and Tobago,1974-02-25,,1921
77,Karen,,daniel62@gmail.com,Ecuador,2000-05-02,Male,822
78,Steven,Wells,csmith@yahoo.com,Norway,1984-08-09,Male,36
79,Michael,Meyer,hernandezterry@gmail.com,Congo,1987-08-14,Other,949
80,Ronald,Liu,cristian49@reese.com,Holy See (Vatican City State),1973-06-10,Female,714
81,Rachel,Duncan,kimberlyblair@yahoo.com,Myanmar,1981-08-18,Male,73
82,Joseph,Fernandez,allenderek@hotmail.com,Wallis and Futuna,1997-08-14,Male,1528
83,Marilyn,,scruz@hotmail.com,Indonesia,1976-07-20,Female,467
84,Joseph,Ayala,daniel37@gmail.com,Philippines,1996-01-17,Male,1458
85,Denise,Espinoza,traceydavis@andrews.net,Chile,1996-04-28,Male,1517
86,Nathaniel,Nguyen,jason28@taylor.com,Saudi Arabia,1996-03-09,Male,915
87,Latoya,Chambers,chelseafoley@gmail.com,Guernsey,1979-11-23,Other,861
88,Carla,Miller,qrodriguez@white.com,Bulgaria,1977-09-23,,939
89,Nicholas,Brown,spencerangelica@smith-wood.com,Saint Martin,1973-09-20,Male,913
90,Jeffery,Lam,alexandermaxwell@hotmail.com,Bosnia and Herzegovina,1984-07-27,Female,
91,Peter,Morgan,hlewis@yahoo.com,Estonia,1990-05-02,Male,886
92,Deborah,Stewart,,India,1984-12-02,Female,1175
93,Cesar,Gallegos,christopher12@gmail.com,Guatemala,2002-02-05,Male,1620
94,Katherine,Bowman,edward14@mcintyre-hall.com,Burkina Faso,1976-12-04,Female,1536
95,Adam,Williams,timothy85@howe-brown.com,Senegal,1992-01-05,Male,1175
96,James,,aaronharrington@lopez-wise.com,Rwanda,1986-11-22,Male,1544
97,Jacob,Wilkerson,sotokathy@hotmail.com,Svalbard & Jan Mayen Islands,1985-01-16,Female,
98,Isaac,Cruz,djones@hotmail.com,Pitcairn Islands,1971-06-28,Female,1502
99,Eric,,crodriguez@gmail.com,Greece,1993-12-05,,160
100,Natalie,Thomas,luis55@henry.info,Netherlands Antilles,2001-03-23,Female,803
101,Alexander,Delgado,rharper@leon.com,Ireland,2001-06-02,Male,524
102,Dana,Li,baldwintimothy@casey-edwards.net,Netherlands Antilles,2001-11-17,Male,807
103,Alex,Reeves,ngutierrez@gmail.com,Syrian Arab Republic,1995-01-31,Male,823
104,Theresa,Deleon,kara89@mcdaniel.com,Kazakhstan,1991-04-26,Other,354
105,John,Garcia,brian26@mccall.org,,1989-09-13,Male,464
106,Christopher,Berry,curtisgreene@hotmail.com,Oman,1973-09-01,Male,1323
107,Eric,Johnson,justin79@yahoo.com,Northern Mariana Islands,1993-06-07,Male,1231
108,Melissa,Walker,justinmendoza@thomas.com,Fiji,2001-03-17,Other,1074
109,David,Watts,patriciapierce@yahoo.com,Jamaica,2002-10-16,Female,1500
110,Michelle,Pearson,brenda96@barnes.com,Turkey,2005-04-23,Female,1836
111,Christopher,Torres,downsfrederick@gmail.com,Tokelau,1980-11-15,Female,895
112,Jeffrey,,ronnie63@yahoo.com,British Virgin Islands,1979-09-18,Male,1194
113,Katherine,Gregory,ghodge@lutz-casey.com,Gambia,1982-10-24,Male,1026
114,Ray,Fox,sarah61@yahoo.com,Liechtenstein,1995-06-14,Female,314
115,Monica,Rodriguez,courtney63@lyons.com,Oman,2001-06-23,Male,1376
116,Michelle,Rodriguez,garyandrews@hotmail.com,Rwanda,2000-08-28,Male,151
117,Miranda,Barrera,jason19@miller.com,,1973-09-28,Male,433
118,Frederick,Carter,rmaddox@hotmail.com,Ukraine,1975-04-27,Female,1778
119,Brittany,Ramirez,randall00@yahoo.com,Venezuela,1975-09-03,Other,1840
120,Aaron,Roberts,allisonlopez@hotmail.com,Djibouti,2004-01-19,Male,421
121,Heidi,Patterson,jean53@yahoo.com,Australia,1994-06-25,Male,654
122,Jacob,Nunez,,Cote d'Ivoire,1995-04-13,Male,1996
123,Alexis,Anderson,terrencebarrett@hinton.com,Guyana,1978-02-25,Other,266
124,Jeffrey,Olson,miranda96@rowe.info,United Kingdom,1974-12-07,Female,1053
125,Melinda,Jones,logansmith@yahoo.com,Brunei Darussalam,1989-12-26,Female,664
126,Margaret,Bell,kevinproctor@gmail.com,Hong Kong,2004-10-26,Male,1111
127,Patricia,Jones,erikkim@campbell.com,Lao People's Democratic Republic,2002-08-06,Male,1051
128,Sarah,Gregory,oandrews@kelly-davis.biz,Spain,1991-05-08,Other,356
129,Chad,Barker,matthew08@yahoo.com,,1990-03-02,Female,1673
130,Brandon,Ford,daisy89@harrison.org,Uganda,1978-05-21,Female,2
131,Jacqueline,Dawson,dcooper@combs.com,Italy,1978-06-24,Male,220
132,Ashley,Lee,ebrown@yahoo.com,Benin,1994-11-29,Female,870
133,Brian,Williams,daniel67@hampton-morton.info,China,2001-04-17,Female,1986
134,Katrina,Cook,murphyjulie@yahoo.com,Barbados,2000-09-13,Female,527
135,Joshua,Allen,vjennings@matthews-watts.biz,Iraq,1984-05-15,Male,1623
136,Joshua,,randystephens@hotmail.com,Saint Pierre and Miquelon,1975-10-19,Male,1023
137,Randall,Baker,robinsonjohn@bush-erickson.com,Bangladesh,1987-06-03,Male,162
138,Angela,Torres,azhang@hotmail.com,El Salvador,2000-12-24,Male,175
139,Regina,Brock,waltersshelby@yahoo.com,Sao Tome and Principe,1972-02-04,Male,630
140,Garrett,Beard,robert40@miller.com,,1977-08-07,Male,972
141,Brianna,Lewis,scottrobert@raymond.org,Sao Tome and Principe,2001-10-03,Male,542
142,Michael,Fuller,scott08@yahoo.com,Netherlands,1973-07-02,Male,523
143,Jennifer,Willis,john37@yahoo.com,Guadeloupe,1974-07-15,Female,1860
144,Alison,Hopkins,fischerbryan@yahoo.com,Congo,2000-11-15,Female,265
145,Savannah,Mcconnell,evelyn76@cross.com,Guadeloupe,2003-06-06,Male,656
146,Isaac,Berry,mercedesclarke@brown.info,Saudi Arabia,1976-03-13,Male,1304
147,Douglas,Gamble,daniel80@gmail.com,Libyan Arab Jamahiriya,1989-07-07,Male,796
148,Paul,Howell,olsonkevin@mcdonald.biz,New Zealand,2002-07-05,Male,673
149,Abigail,Scott,richardhodges@davenport.info,Netherlands,2003-12-23,Male,1447
150,John,Payne,coreyjames@wang.com,Colombia,1972-12-06,Female,1182
151,Brittney,Vargas,iharmon@bradshaw.info,Iraq,1992-07-03,Male,1692
152,Valerie,Johnson,ashley66@hotmail.com,Lebanon,2005-09-18,Female,1978
153,Preston,Rivera,mark43@hotmail.com,Senegal,1976-01-09,Male,801
154,Mary,Manning,chavezbianca@gmail.com,Bhutan,2003-11-11,Female,403
155,Victoria,Johnson,williamking@cox.info,Palau,05-05-1980,Female,1505
156,Steven,Ibarra,harrisjoshua@hotmail.com,Mexico,1989-11-04,Female,1291
157,Bryan,Chen,tyler80@yahoo.com,Libyan Arab Jamahiriya,1977-03-08,Female,1314
158,Amy,Smith,rromero@yahoo.com,San Marino,1975-07-16,Female,257
159,John,Butler,aaron38@hanna.com,,1976-11-20,Other,602
160,Paul,Foster,millermolly@yahoo.com,Gambia,01-10-1987,Male,1813
161,Noah,,stonegregory@lane.com,Croatia,1997-05-21,Female,502
162,Tyler,Green,charlesdunn@gmail.com,Moldova,1989-02-02,Male,1123
163,Brent,Allen,katie16@yahoo.com,Libyan Arab Jamahiriya,2000-01-11,Male,1733
164,Karen,Acosta,carterjustin@hotmail.com,Honduras,1985-04-28,Female,1861
165,Stephanie,Brown,,Estonia,1985-02-10,Female,1412
166,David,Lewis,vlambert@johnson.com,Mongolia,1980-03-02,Male,574
167,William,Craig,perezryan@gmail.com,Kiribati,1978-07-20,Male,689
168,Susan,Strickland,williamatkinson@lawson.biz,Austria,1996-07-08,Female,1034
169,Alexandra,Nolan,samanthabauer@gmail.com,Mexico,1989-03-11,Female,94
170,Crystal,Spencer,lward@williams.info,Heard Island and McDonald Islands,2002-07-24,Male,1884
171,Keith,Lynn,ashleyanderson@hall.com,Canada,1976-09-20,Female,1089
172,Juan,Combs,michellemiller@gmail.com,Taiwan,1978-08-18,Male,1025
173,David,Oneal,cnoble@simpson.com,Congo,1970-09-11,Male,648
174,Michael,Jones,jill40@yahoo.com,Congo,06-09-1982,Male,460
175,Stephanie,Joseph,daisyjoyce@yahoo.com,Korea,1997-07-02,Female,1598
176,Steven,Miller,danielle08@hotmail.com,Bolivia,1974-07-11,Male,988
177,Rachel,Valdez,brettchavez@hotmail.com,Moldova,1977-07-24,Male,912
178,Wayne,Morton,anelson@hotmail.com,Egypt,1980-01-15,Female,469
179,Michael,,susan32@gmail.com,France,2004-12-24,Male,455
180,Marcus,Martinez,michaelcarlson@gmail.com,Norfolk Island,06-09-1982,Male,1093
181,David,Raymond,coltonoliver@wells.net,New Zealand,1980-09-08,Female,694
182,Mark,Tate,ericanguyen@spencer.info,Tuvalu,1987-07-13,Male,576
183,Carl,Acosta,jenniferperkins@gmail.com,Venezuela,1994-07-29,Other,762
184,Kevin,Stewart,tgonzalez@hotmail.com,Western Sahara,2002-08-27,Male,265
185,Nicole,Whitehead,greentara@williams.biz,Brunei Darussalam,1998-01-12,Male,1056
186,Jonathan,Owen,frankhill@gmail.com,,1981-08-26,Other,902
187,Donna,Lopez,qroberts@yahoo.com,New Zealand,1981-07-25,Female,99
188,Gerald,Espinoza,ucarr@yahoo.com,Myanmar,1997-01-16,Female,1978
189,Michael,Martin,joel67@carter.com,Costa Rica,01-10-1988,Female,1351
190,Laura,Rodriguez,agilbert@gmail.com,France,1990-01-16,Male,308
191,Samuel,Weaver,zfarley@yahoo.com,Greenland,06-09-1982,Male,652
192,Crystal,Ward,martinezdrew@hotmail.com,Central African Republic,1988-05-07,Male,1368
193,Brian,,gfrederick@lewis-williams.com,Philippines,2001-02-13,Female,794
194,Kelly,Mejia,kevin50@gmail.com,Finland,1988-01-25,Male,1814
195,James,Williams,timothydennis@gmail.com,France,1974-12-08,Female,1157
196,Olivia,King,nicole02@giles.com,,1982-12-22,Male,1113
197,Elizabeth,Gray,patrickwood@matthews-clark.info,Jordan,1984-01-20,Male,1615
198,Adam,Taylor,lucas51@hotmail.com,Antigua and Barbuda,1997-12-12,Female,854
199,Heather,Morton,pscott@yahoo.com,Ukraine,1994-02-17,Male,1130
200,Destiny,Noble,annetteweaver@smith.info,Wallis and Futuna,1991-05-29,Female,71
201,Maurice,Armstrong,,Greece,1999-01-08,Male,1150
202,Jennifer,Wong,thomasdavid@gmail.com,Guinea-Bissau,2004-03-23,Female,901
203,Tiffany,Anderson,sharppamela@hotmail.com,Poland,1991-05-05,Male,05-05-1980
204,Ryan,Buckley,,Malta,1991-10-25,Male,1550
205,Michael,Hurst,colleen92@wilson.biz,Niger,1976-06-29,Male,1590
206,Kimberly,Dixon,careyjasmine@hotmail.com,Angola,2002-01-31,Male,313
207,Ryan,Boyd,deborahscott@gmail.com,,01-10-1988,Male,1614
208,Lisa,Lawrence,edward17@hotmail.com,Latvia,1977-09-29,Male,1730
209,Lisa,King,,Saint Kitts and Nevis,1976-03-05,Male,179
210,Stephen,Johnson,gleonard@lee-garcia.org,Hong Kong,1972-01-12,Male,1643
211,Jason,Holmes,yramos@yahoo.com,Kuwait,06-09-1982,Female,1966
212,Danielle,Johnston,veronica17@hotmail.com,Mauritania,1983-12-26,Male,1586
213,Brian,,vanessahughes@riggs.com,Norfolk Island,1986-06-14,Female,1010
214,Linda,Kramer,johnkirk@yahoo.com,Colombia,1981-01-28,Male,1669
215,David,Smith,michaelgilbert@mcdonald.com,Cook Islands,1970-06-03,Female,1859
216,Tracy,Hernandez,pramirez@yahoo.com,Ethiopia,1986-09-26,Female,335
217,Nicholas,Johnson,jenny35@rowe.com,Panama,1973-01-20,Female,684
218,Nicole,Hunter,christine08@gmail.com,South Africa,1985-08-21,Male,458
219,Kristin,Dillon,uhogan@webster-harris.biz,Micronesia,1973-06-13,Female,303
220,Christine,Browning,paulchristine@gmail.com,El Salvador,1995-01-28,Male,203
221,Steven,Rice,michellejohnson@yahoo.com,,2001-12-28,Female,1126
222,Emily,Stevens,kmcdonald@hardy-howard.info,Hungary,1983-01-23,Male,331
223,Denise,Woods,hromero@gmail.com,Gambia,1977-11-24,Male,479
224,Gary,Becker,pchoi@potter.com,United States Minor Outlying Islands,2003-05-14,Male,1546
225,Andre,King,nathaniel41@gmail.com,Malaysia,1988-08-16,Female,1503
226,Courtney,Mitchell,donna79@murphy.net,Sierra Leone,2001-12-25,Male,1961
227,Eileen,Castro,gsmith@alvarez.com,Mauritania,1970-03-08,Female,1391
228,Kyle,Morgan,manuel21@yahoo.com,China,1976-06-23,Male,1522
229,James,Garcia,bakerrebecca@yahoo.com,Pakistan,1998-06-02,Female,1371
230,Sarah,Dickson,monicaharrison@hotmail.com,China,1980-01-14,Male,1803
231,Jacob,Wells,ujohnson@gmail.com,Brazil,1988-10-01,Female,1863
232,Lori,Rogers,zgutierrez@wilson-mercer.net,Bangladesh,1971-06-13,Male,1996
233,Anthony,Gomez,ccooper@hotmail.com,Slovakia (Slovak Republic),1977-10-22,Male,793
234,Derek,Gentry,qhanson@thompson-miranda.com,,1999-10-06,Male,1898
235,Dominic,Henry,janet73@yahoo.com,Syrian Arab Republic,1979-03-10,Female,765
236,Katrina,Smith,thomasrobert@yahoo.com,Hong Kong,1987-12-31,Male,1824
237,Barbara,,jmontgomery@white.net,Moldova,1975-07-30,Female,357
238,Jared,Allen,ethan86@hotmail.com,Yemen,1990-07-05,Female,1025
239,Jessica,Williams,melissapierce@hotmail.com,Trinidad and Tobago,1981-06-02,Male,1753
240,Ruth,Smith,zbruce@sharp-holmes.com,Netherlands,1987-10-26,Female,1541
241,John,Flynn,kennedybrittany@gmail.com,Ukraine,1973-08-20,Male,1201
242,Dana,Gillespie,natalie02@farmer.biz,Somalia,2000-05-06,Female,513
243,Michael,Hill,ashleygray@yahoo.com,Montenegro,1971-04-28,Female,1849
244,Andrew,Day,alexis65@cook.info,Iraq,1973-03-11,Female,1468
245,Anthony,Petty,andrew10@martin-martinez.com,Cote d'Ivoire,1998-12-02,Male,1855
246,Jessica,Sanchez,john93@white-ramos.com,United Arab Emirates,1977-03-24,Female,1773
247,Christina,Moreno,adam51@miller.com,Holy See (Vatican City State),1980-04-24,Female,602
248,Martin,Flores,sabrina33@yahoo.com,Nauru,1988-10-07,Female,1605
249,Caitlin,Benitez,myoung@farmer.com,Ethiopia,1988-01-02,Female,933
250,Jennifer,Sharp,joshua08@parks.com,Trinidad and Tobago,1999-06-05,Male,1776
251,Ashley,Wolfe,jordannatalie@gmail.com,Reunion,1978-11-30,Other,82
252,Allen,Rodriguez,,Vietnam,1997-03-31,Male,1986
253,Steven,Chen,heathernavarro@robles-carter.org,Barbados,06-09-1982,Female,1352
254,William,Barron,ggarcia@hotmail.com,Cape Verde,1980-12-30,Male,174
255,Cody,Long,rhonda98@hotmail.com,Togo,05-05-1980,Female,1639
256,Judy,Morris,obrienaustin@gmail.com,Antigua and Barbuda,2004-09-01,Male,1588
257,Michael,,davidjohnson@flores-prince.net,Ukraine,1998-07-25,Male,1204
258,Steven,Ross,alexis11@yahoo.com,Saint Kitts and Nevis,1973-04-15,Female,1021
259,Donna,West,blackandrew@jones-irwin.com,Bangladesh,2000-02-23,Male,888
260,Jason,Schneider,pattersonricky@yahoo.com,Syrian Arab Republic,1991-09-05,Female,82
261,Dana,Wright,karen15@frye.com,Macao,1987-09-16,Male,123
262,David,Caldwell,tburns@bryant.com,Central African Republic,1970-02-26,Male,1762
263,Morgan,Irwin,xoconnor@mcbride-george.org,Niue,2002-03-09,Female,1106
264,Dennis,Gray,rwoodward@yahoo.com,Liberia,01-10-1987,Female,1803
265,William,Flores,zbenson@hotmail.com,Vietnam,1973-07-23,Female,344
266,Jackson,Pittman,taylor15@yahoo.com,Tanzania,2003-08-05,Female,390
267,Kathleen,,morriscrystal@yahoo.com,Australia,05-05-1980,Male,1547
268,Joshua,Wade,cherylcox@hotmail.com,Heard Island and McDonald Islands,1985-08-21,Female,804
269,Katherine,Roberts,vanessaharrington@hotmail.com,Dominican Republic,1972-12-17,Male,900
270,Brian,Anthony,latoyamartinez@yahoo.com,Cyprus,1972-01-31,Male,31
271,Mark,Lawson,kevinmiller@jimenez-cox.org,Philippines,1984-09-18,Female,260
272,Raymond,Page,,Saudi Arabia,1991-02-11,Other,1683
273,Teresa,Jenkins,cliffordhuffman@gmail.com,Cyprus,2001-10-20,Female,1353
274,Benjamin,Fuentes,,Mali,1991-03-25,Male,299
275,Bethany,Williams,fstanley@marshall.biz,Tonga,1978-07-19,Female,242
276,Jennifer,Flowers,lauramoran@soto-chen.com,Niue,1973-12-08,Female,49
277,Natalie,Soto,kcarrillo@gmail.com,Azerbaijan,1974-04-25,Male,627
278,Ryan,Taylor,amandamorris@gomez.com,Bermuda,1991-02-28,Male,1994
279,Tina,Martinez,jordanpaul@yahoo.com,Zimbabwe,1982-03-15,Male,1089
280,Victoria,Taylor,daniellefuentes@kim-sanchez.biz,New Zealand,1979-11-14,Female,1965
281,Michelle,Berger,donaldmcdonald@yahoo.com,Bermuda,1981-09-28,Female,1622
282,Robert,Wood,thompsonmatthew@keith.biz,New Caledonia,1985-04-29,Male,1502
283,Nathan,Franklin,cynthia24@rodriguez.com,Puerto Rico,1990-05-08,Female,756
284,Sharon,Dunn,allenlynn@yahoo.com,Holy See (Vatican City State),1974-05-28,Male,429
285,Brandy,,timothywoods@harvey.com,Croatia,1997-05-13,Female,926
286,Stephanie,Wolfe,richardharrison@hotmail.com,Benin,2001-10-14,Male,1141
287,Susan,Bailey,msmith@collins.info,Croatia,1999-04-14,Male,213
288,Michael,Turner,kerrilopez@york-kelley.org,Falkland Islands (Malvinas),2002-08-04,Female,1580
289,Michael,Castro,bradleycasey@yahoo.com,El Salvador,1986-04-28,Female,1779
290,Scott,White,lauramooney@woods-jones.biz,Japan,1992-01-03,Male,1027
291,Christy,Brooks,xfreeman@gmail.com,Bolivia,1975-06-13,Female,977
292,Bruce,Weaver,fjohnson@johnson.com,Cameroon,1985-02-11,Female,9
293,Mark,Eaton,johncosta@gmail.com,Iraq,1989-04-01,Male,362
294,Patricia,Ramos,sotojohn@swanson-jensen.com,Norfolk Island,1983-02-04,Other,639
295,Matthew,Nunez,vruiz@vincent-bowman.com,Netherlands Antilles,2001-12-30,Female,1480
296,Austin,Mcclain,,Timor-Leste,1990-12-25,Female,575
297,Zachary,Roth,allensharon@moore.com,Korea,1974-06-25,Female,113
298,Cathy,,craig07@shelton.org,Malta,06-09-1982,Male,1410
299,Amber,Lopez,ftownsend@baker.com,Slovakia (Slovak Republic),1979-02-01,Male,360
300,Nicholas,,kayla46@williams.net,Grenada,2004-10-09,Male,805
